"addoverlay_fit","Add Overlay Fit"
"upload_failed_files","Unable to upload the following files"
"environment","Environment"
"production","Production"
"stage","Stage"
"test","Test"
"development","Development"
"local","Local"
"show_cookie_notice","Show Cookie Notice (EU Policy)"
"upload_plugin","Upload Plugin"
"screen_size_to_small","Your screen is too small to display the desired preview."
"converting","Converting"
"do_not_scale_up","Do not scale up"
"ratio","Ratio"
"disable_whoops_error_handler","Disable Whoops error handler"
"decimal_precision","Decimal precision"
"if_specified_decimal_mysql_type_is_used_automatically","If specified, DECIMAL(65,X) MySQL type is used automatically"
"only_unsigned","only unsigned"
"integer","Integer"
"object_regex_info","RegExp without delimiters, has to work in both JS and PHP"
"regex_validation","Regular Expression Validation"
"test_string","Test string"
"regex","RegEx"
"code_before_init","Code before init"
"code_after_pageview","Code after pageview"
"code_before_pageview","Code before pageview"
"select_presetting","Select a presetting"
"good","Good"
"best","Best"
"average","Average"
"language_settings","Language Settings"
"toolbar_configuration","Toolbar Configuration"
"too_many_children_for_recyclebin","This element contains too many children to be moved to the recyclebin."
"please_enter_the_maximum_viewport_width_in_pixels_allowed_for_this_thumbnail","Please enter the maximum viewport width (in pixels) allowed for this thumbnail"
"experimental","Experimental"
"example","Example"
"add_media_query","Add Media Query"
"default","Default"
"send_as_html_mime","Send as HTML/Mime"
"send_as_plain_text","Send as plain text"
"send_test_email","Send Test-Email"
"global","Global"
"specific_settings","Specific Settings"
"metadata","Metadata"
"login_as_this_user_description","The following link is a temporary link that allows you to login as this user in a different browser:"
"login_as_this_user","Login as this user in a different browser"
"email_address","Email Address"
"email_blacklist","Email Blacklist"
"allowed_types_to_create","Allowed types to create"
"defaults_to_all","Defaults to all"
"analytics_universal_configuration","Universal Analytics Configuration eg. {'cookieDomain': 'example.com'}"
"default_error_page","Default error page"
"error_page","Error Page"
"main_domain","Main Domain"
"additional_domains","Additional Domains (one domain per line)"
"redirect_to_main_domain","Redirect additional domains to main domain"
"use_different_email_delivery_settings","Use different email delivery settings for newsletters"
"promotion_enquiry_sent_success","Your promotion enquiry was sent to the manager of this project"
"budget","Budget"
"duration","Duration"
"ad_type","Ad-Type"
"promotion_enquiry_for","Promotion Enquiry for"
"collected_information","Collected Information"
"change_persona_to","Change Persona to (not permanently)"
"bug_report_sent_success","Your bug report was sent to the manager of this project"
"feature_request_sent_success","Your feature request was sent to the manager of this project"
"notes_screenshot","Put some notes on the screenshot! (click on the image)"
"bug_report_for","Bug Report for"
"feature_request_for","Feature Request for"
"scope","Scope"
"hit","Hit"
"session","Session"
"OK","OK"
"entry_conditions","Entry Conditions"
"entry_conditions_description","Entry conditions are only checked at the first visit of the user"
"duplicate","Duplicate"
"optional","optional"
"search_replace_assignments_error","Please select items where to replace and a new target item."
"replace_assignments_in_selected_elements","Replace assignments in selected elements"
"search_replace_assignments","Search & Replace Assignments"
"imageadvanced","Image Advanced"
"absolute_path_to_libreoffice","Absolute path to LibreOffice"
"absolute_path_to_pngcrush","Absolute path to pngcrush"
"absolute_path_to_imgmin","Absolute path to imgmin"
"absolute_path_to_jpegoptim","Absolute path to jpegoptim"
"absolute_path_to_pdftotext","Absolute path to pdftotext"
"word_export_notice","Please note that this export doesn't include any layout information (or just basic ones) and that it isn't possible to import the content again.<br />The language selection is used to set the language for object's localized fields (only localized fields are exported!). "
"filter_active_message","Do you want to export only the filtered values?"
"close_others","Close Others"
"close_all","Close All"
"close_unmodified","Close Unmodified"
"classid","Class ID"
"parentid","Parent ID"
"mimetype","MIME-Type"
"modificationdate","Modification Date"
"creationdate","Date Created"
"usermodification","User Modification"
"userowner","User Owner"
"fallback_languages","Fallback Languages (CSV eg. de_CH,de)"
"languages","Languages"
"add_language","Add Language"
"default_language", "Default language"
"localization_and_internationalization","Localization &amp; Internationalization"
"contact_email","Contact E-Mail"
"password_was_not_changed","Password wasn't changed because it isn't secure enough"
"absolute_path_to_ghostscript","Absolute path to Ghostscript"
"deactivate_maintenance","Deactivate Maintenance"
"marketing","Marketing"
"universal_analytics_code","Universal Analytics Code (analytics.js)"
"code_settings","Code Settings"
"advanced_integration","Advanced Integration"
"personamultiselect","Persona Multiselect"
"persona","Persona"
"clear_content_of_current_view","Clear content of current view"
"highlight_editable_elements","Highlight editable elements"
"continue","Continue"
"you_have_unsaved_changes","You have unsaved changes."
"clear_content_of_selected_persona","Clear content of selected target group (persona)"
"visitors_of_this_page_will_be_automatically_associated_with_the_selected_personas","Visitors of this page will be automatically associated with the selected target groups (personas)"
"associate_target_group","Associate Target Group"
"target_group","Target Group"
"edit_content_for_persona","Edit Content for Target Group (Persona)"
"select_a_persona","Select a Target Group (Persona)"
"problem_creating_new_persona","There was a problem during creating a new persona"
"enter_the_name_of_the_new_persona","Enter the name of the new persona"
"add_persona","Add Persona"
"personas","Personas"
"global_targeting_rules","Global Targeting Rules"
"personalization","Personalization"
"usage_statistics_info","The data sent to the developers of pimcore is 100% anonymous and is transferred securely over the internet (HTTPS). Please do not deactivate this unless you really need to. You can see the data which is submitted to the core team in /website/var/log/usagelog.log"
"turn_off_anonymous_usage_submissions","Turn off anonymous usage submissions"
"children","Children"
"elements_to_export","Elements to Export"
"xliff_export_documents","If you want to translate eg. the whole /en tree to a different language, first create a copy of /en, eg. /de then export /de for translation. When importing the translated XLIFF the English contents in /de will be overwritten by the German translation in the XLIFF file."
"xliff_export_objects","Only fields inside a Localized Fields container are recognized. When importing the translated XLIFF the source language will be untouched, only the target language fields will be overwritten."
"xliff_export_notice","Here you can select the documents and objects you want to export for external translation."
"important_notice","Important Notice"
"xliff_import_notice","Select a translated XLIFF file which was previously exported by pimcore and then translated by a localization service provider (LSP) or by a CAT application. Please aware that the import will overwrite the elements which were selected by the import (read also export)."
"shared_translations","Shared Translations"
"translation","Translation"
"add_hotspots","Add Hotspots"
"composite","Composite"
"origin","Origin"
"high_resolution","High Resolution"
"enter_the_name_of_the_new_extension","Enter the name of the new plugin "
"invalid_plugin_name","Name of plugin not valid"
"create_new_plugin_skeleton","Create new plugin skeleton"
"lazy_loading_warning","WARNING: Lazy Loading is NOT possible within Localized Fields, Field Collections and Object Bricks"
"textfield","Textfield"
"add_data","Add data"
"add_marker","Add marker"
"add_hotspot","Add hotspot"
"add_marker_or_hotspots","Add marker or hotspots"
"create_menu_shortcut","Create Shortcut in Menu"
"nice_name","Nice Name"
"icon_class","Icon Class"
"group","Group"
"group_icon_class","Group Icon Class"
"display","Display"
"order","Order"
"filter_type","Filter Type"
"column_configuration","Column Configuration"
"problem_creating_new_custom_report","There was a problem during creating the new report"
"enter_the_name_of_the_new_report","Enter the name of the new report"
"add_custom_report","Add Custom Report"
"custom_reports","Custom Reports"
"custom_report_adapter_sql","SQL"
"custom_report_adapter_analytics","Analytics"
"custom_report_chart_settings", "Chart Settings"
"custom_report_charttype","Chart Type"
"custom_report_charttype_none","None"
"custom_report_charttype_pie","Pie Chart"
"custom_report_charttype_line","Line Chart"
"custom_report_charttype_bar","Bar Chart"
"custom_report_chart_options","Type specific Chart Options"
"custom_report_x_axis","X-Axis"
"custom_report_y_axis","Y-Axis"
"custom_report_datacolumn","Data Column"
"custom_report_labelcolumn","Label Column"
"custom_report_groupBy_columns", "GroupBy Columns"
"custom_report_only_filter", "Only Filter"
"custom_report_filter_and_show", "Filter and Show"
"custom_report_filter_drilldown", "Filter Drilldown"
"start_date","Start date",
"start_date_relative","Start date (relative to today)"
"end_date","End date"
"end_date_relative","End date (relative to today)"
"relative_date_description","i.e. -1m +1d (d=days, m=months, y=years)"
"no_further_sources_allowed","No further data sources allowed"
"source_definition","Source Definition"
"content_social_analysis","Content & Social Analysis"
"up","Up"
"down","Down"
"pass_through_params","Pass Through Params"
"clear_thumbnails","Clear Thumbnails"
"analytics_retargeting_code","Use the retargeting-code for analytics (dc.js)"
"analytics_asynchronous_code","Use the asynchronous code for analytics (ga.js)"
"progress","Progress"
"recipients","Recipients"
"newsletter_send_error","Can't send your newsletter, please contact your administrator!"
"newsletter_sent_message","Your newsletter is now sent to all recipients, this process is done in the background (you can close pimcore in the meantime) and can take up to one hour."
"do_you_really_want_to_send_the_newsletter_to_all_recipients","Do you really want to send the newsletter to all recipients"
"send_test_newsletter","Send Test-Newsletter"
"send_newsletter","Send Newsletter Now"
"object_filter","Object Filter"
"test_email_address","Test E-Mail Address"
"problem_creating_new_newsletter","There was a problem while creating a new newsletter"
"enter_the_name_of_the_new_newsletter","Enter the name of the new newsletter"
"add_newsletter","Add Newsletter"
"newsletter","Newsletter"
"newsletter_active","Newsletter Active"
"newsletter_confirmed","Newsletter Confirmed"
"gender","Gender"
"crm","CRM"
"notes_events","Notes &amp; Events"
"robots.txt","robots.txt"
"document_style_editor","Document Style-Editor"
"delete_folder","Delete Folder"
"there_are_more_than_one_items_for_the_given_selector","There are more than one items for the given selector, would you like to change all elements (Yes), or just the selected (No)?"
"clear_all_styles","Clear all styles"
"top","Top"
"bottom","Bottom"
"left","Left"
"right","Right"
"padding","Padding"
"margin","Margin"
"appearance","Appearance"
"font-family","Font-Family"
"font-weight","Font-Weight"
"line-height","Line-Height"
"letter-spacing","Letter-Spacing"
"font-style","Font-Style"
"text-align","Text-Align"
"text-decoration","Text-Decoration"
"text-transform","Text-Transform"
"hierarchy","Hierarchy"
"no_item_selected","No item selected"
"select_element","Select Element"
"style_editor","Style Editor"
"preview_and_styles","Preview &amp; Styles"
"absolute_path_to_wkhtmltoimage_binary","Absolute path to wkhtmltoimage binary"
"absolute_path_to_wkhtmltopdf_binary","Absolute path to wkhtmltopdf binary"
"use_original_tiff","Use original TIFF (only PRINT)"
"use_original_tiff_description","Use original TIFF when source format is a TIFF image -> do not modify it."
"home","Home"
"sorry_no_data_available","Sorry, no data available :("
"top_shares_pages","Top Shared Pages"
"social_media","Social Media"
"meta_data","Meta Data (&lt;meta .../&gt;)"
"last_update","Last Update"
"robots_meta_blocked","Blocked by robots Meta"
"robots_txt_blocked","Blocked by robots.txt"
"twitter","Twitter"
"opengraph","OpenGraph"
"microdata","Microdata"
"url_parameters","URL Parameters"
"url_length","URL Length"
"google_plus_one","Google +1"
"facebook_shares","Facebook Shares"
"type_reference","Type Reference"
"h1_text","H1 Text"
"cleanup_existing_data","Cleanup existing data"
"generate_page_previews","Generate Page Previews"
"SEO","SEO"
"port","Port"
"delivery_settings","Delivery Settings"
"message_parts","Message Parts"
"bounce_mail_inbox","Bounce Mail Inbox"
"subject","Subject"
"generate_previews","Generate previews"
"invalid_class_name","Invalid Class Name"
"poster_image","Poster-Image"
"delete_master_document","Delete master document"
"open_master_document","Open master document"
"password_protection","Password-Protection"
"http_auth_warning","WARNING: This applies to all websites"
"logger","Logger"
"redirect_unknown_domains_to_main_domain","Redirect unknown domains (not used for a site and for redirects, ...) to the main domain (above)"
"colorspace","Colorspace"
"in_this_case_a_developer_has_to_implement_a_logic_which_handles_this_action","In this case a developer has to implement the logic to handle this action (there are no further settings)"
"programmatically","Programmatically"
"hours","Hours"
"minutes","Minutes"
"seconds","Seconds"
"link_clicked","Link clicked"
"number_of_links_clicked","Number of links clicked"
"operating_system","Operating System"
"hardware_platform","Hardware Platform"
"tablet","Tablet"
"time_on_site","Time on site"
"visited_pages_before_number","Visited n-pages before"
"number","Number"
"visited_page_before","Visited page before"
"searchengine","Search Engine"
"referrer","Referrer"
"referring_site","Referring Site"
"regular_expression","Regular Expression"
"method","Method"
"hardlink","Hardlink"
"convert_to","Convert to"
"enable_targeting","Enable Targeting"
"AND","AND"
"OR","OR"
"AND_NOT","AND NOT"
"create_a_variant_from_this_page","Create a new variant from the current page to provide a modified version"
"radius_in_km","Radius (km)"
"replace","Replace"
"redirect","Redirect"
"event","Event"
"code_snippet","Code-Snippet"
"browser","Browser"
"conditions","Conditions"
"problem_creating_new_target","There was a problem while creating a new target"
"enter_the_name_of_the_new_target","Enter the name of the new target"
"add_target","Add Target"
"targeting","Targeting"
"debug_admin_translations","Debug Admin-Translations (wrapped in +)"
"paste_inheritance","Paste (inheritance)"
"are_you_sure","Are you sure?"
"all_content_will_be_lost","All content will be lost"
"apply_new_master_document","Apply new master document"
"empty_content_master_content","Empty Content - This is useful after defining a new master document"
"content_master_document","Content-Master Document"
"overwrite","Overwrite"
"click_right_to_overwrite","Click right to overwrite"
"open_document_by_id","Open Document"
"open_asset_by_id","Open Asset"
"open_object_by_id","Open Object"
"please_enter_the_id_of_the_asset","Please enter the ID or Path (e.g. /images/logo.jpg) of the asset"
"please_enter_the_id_of_the_object","Please enter the ID or Path of the object"
"please_enter_the_id_of_the_document","Please enter the ID, Path or URL (also including http://) of the document"
"open_by_id","Open by ID"
"element_not_found","Element not found"
"short_url","Short URL"
"width_and_height_must_be_an_even_number","width and height must be an even number"
"path_or_url_incl_http","Path or URL (also incl. http://)"
"no_matching_document_found_for","No matching document found for"
"open_document_by_url","Open document by URL"
"server_api_key","Server API-Key"
"browser_api_key","Browser API-Key"
"add_childs","Add Children"
"url_incl_http","URL incl. http://"
"import_from_url","Import from URL"
"source_site","Source-Site"
"target_site","Target-Site"
"source_entire_url","Entire URL as Source"
"auto_reload","Auto-Reload"
"do_you_really_want_to_leave_the_editmode","Do you really want to leave the editmode (NO!)"
"or_specify_an_asset_image_below","or specify an asset image below"
"analytics_internalid","GA Internal ID"
"show_in_google_anaytics","Show in Google Analytics"
"medium","Medium"
"style","Style"
"foreground_color","Foreground Color"
"background_color","Background Color"
"enter_the_name_of_the_new_qrcode","Enter the name of the new QR-Code"
"problem_creating_new_qrcode","There was a problem while creating the QR-Code"
"saved_successfully","Saved successfully"
"qr_codes","QR-Codes"
"add_qr_code","Add QR-Code"
"element","Element"
"notes","Notes"
"details_for_selected_event","Details for selected element"
"fields","Fields"
"events","Events"
"analytics_settings_description","To use the complete Google Analytics integration, please configure the Google API Service Account in System Settings"
"webastertools_settings_description","To use the Google Webmaster Tools integration, please configure the Google API Service Account in System Settings"
"google_api_key_missing","Google API private key is missing (p12 file from API Console), please put it into the following location:"
"google_api_private_key_installed","Your Google API private key is installed correctly"
"google_api_access_description","This is required for the Google API integrations. Only use a `Service Account´ from the Google API Console."
"not_possible_with_paging","Sorry, this is not possible in elements which are paged, try to restructure your data to avoid pages in the tree"
"not_supported_by_your_browser","This feature is not supported by your browser, please update to the latest version"
"absolute_path_to_icc_rgb_profile","Absolute path to ICC RGB profile"
"absolute_path_to_icc_cmyk_profile","Absolute path to ICC CMYK profile"
"upload_path","Upload Path"
"inherited","Inherited"
"length","Length"
"selection_options","Selection Options"
"show_in_tree","Show in Tree"
"exactmatch","exact match"
"open_document","Open Document"
"open_image","Open Image"
"expiry","Expiry"
"mobile","Mobile"
"desktop","Desktop"
"drag_me","Drag Me"
"parameterPost","POST Parameters"
"parameterGet","GET Parameters"
"cookies","Cookies"
"serverVars","Server Variables"
"group_by_path","Group by path"
"flush","Flush"
"errors_from_the_last_14_days","Errors from the last 14 days"
"http_errors","HTTP Errors"
"create_redirect_for_moved_renamed_page","Create automatically a redirect when a page is moved or renamed"
"show_close_warning","Show close warning"
"attributes","Attributes"
"matching_text","Matching Text"
"tag_saved_successfully","Tag saved successfully"
"thumbnail_saved_successfully","Thumbnail saved successfully"
"any","Any"
"http_method","HTTP Method"
"url_pattern","URL Pattern<br />(RegExp eg. @success@i)"
"beginning","Beginning"
"element_css_selector","Element (CSS Selector)"
"insert_position","Insert Position"
"code","Code"
"tags","Tags"
"problem_creating_new_tag","There was a problem while creating a new tag"
"enter_the_name_of_the_new_tag","Enter the name of the new tag"
"add_tag","Add Tag"
"tag_snippet_management","Tag & Snippet Management"
"import_class_definition","Import Class Definition"
"show_in_tree","Show in Tree"
"Click here to proceed","Click here to proceed"
"Your browser is not supported. Please install the latest version of one of the following browsers.","Your browser is not supported. Please install the latest version of one of the following browsers."
"open_in_new_window","Open in new Window"
"limit_reached","Limit reached"
"robots_txt_exists_on_filesystem","The robots.txt exists already in the document-root on the filesystem"
"images_with_alt","Images with alt-Text"
"images_without_alt","Images without alt-Text"
"external_links","External Links"
"links","Links"
"only_required_for_reporting_in_pimcore_but_not_for_code_integration","The following is only required if you want to use the reporting functionalities in pimcore, but this is not required for the code integration. "
"casesensitive","case-sensitive"
"path_aliases","Path Aliases"
"path_error_message","A path must start with / and should only contain the following characters: a-zA-Z0-9-_./"
"pretty_url","Pretty URL"
"pretty_url_label","Pretty URL (overrides path from tree-structure)"
"search_engine_optimization","Search Engine Optimization"
"save_success","Saved successfully"
"save_error","Cannot save data"
"password_cannot_be_changed","Password cannot be changed"
"old_password","Old Password"
"new_password","New Password"
"retype_password","Retype Password"
"seo_document_editor","SEO Document Editor"
"clear_temp_files","Clear temporary files"
"reports","Reports"
"routes","Routes"
"all_roles","All Roles"
"add_role","Add Role"
"role_creation_error","Could not create role"
"role_save_success","Role was saved successfully"
"role_save_error","Could not save role"
"roles","Roles"
"workspaces","Workspaces"
"Username","Username"
"Password","Password"
"Forgot your password","Forgot your password"
"Your browser is not supported. Please install the latest version of one of the following browsers.","Your browser is not supported. Please install the latest version of one of the following browsers."
"Click here to proceed","Click here to proceed"
"Back to Login","Back to Login"
"Enter your username and pimcore will send a login link to your email address","Enter your username and pimcore will send a login link to your email address"
"Please check your mailbox.","Please check your mailbox."
"Login","Login"
"Submit","Submit"
"A temporary login link has been sent to your email address.","A temporary login link has been sent to your email address."
"system_performance_stability_warning","Please do not perform this action unless you are sure what you are doing.<br /><b style='color:red'>This action can have a major impact onto the stability and performance of the entire system, and may causes an overload or complete crash of the server!</b><br /><br />Are you sure?"
"use_current_player_position_as_preview","Use current player position as preview"
"select_image_preview","Select Image Preview"
"preview_not_available","Preview not available"
"status", "Status"
"video_preview_in_progress","The preview for this video is currently in progress."
"video_bitrate","Video Bitrate (kB/s)"
"audio_bitrate","Audio Bitrate (kB/s)"
"php_cli_binary_and_or_ffmpeg_binary_setting_is_missing","PHP-CLI binary or FFMPEG is not available, please ensure that both are installed/executable and configured in the system settings!"
"video_thumbnails","Video Thumbnails"
"absolute_path_to_ffmpeg_binary","Absolute path to FFMPEG binary"
"absolute_path_to_php_cli_binary","Absolute path to PHP command line binary"
"module_optional","Module (optional)"
"do_you_really_want_to_close_pimcore","Do you really want to close pimcore?"
"valid_languages_frontend_description","This settings are used in documents to specify the content language (in properties tab), for objects in localized-fields, for shared translations, ... simply everywhere the editor can choose or use a language for the content.<br />Fallback languages are currently used in object's localized fields and shared translations."
"limit_reached","Limit reached"
"maximum_items","max. items"
"drop_element_here","Drop element here"
"select_specific_area_of_image","Select specific area of image"
"insert_video_url_here","Insert video URL here"
"error_pasting_asset","Unable to paste asset"
"error_pasting_document","Unable to paste document"
"paste_recursive_updating_references","Paste recursive, updating references"
"collapsed","Collapsed"
"add_hardlink","Add Hardlink"
"source_path","Source path"
"properties_from_source","Use properties from source document"
"inherited_properties_from_source","Inherit properties from source document"
"childs_from_source","Use children from source document"
"hardlink_properties","Hard Link Settings"
"click_right_for_more_options","Click right for more options"
"clear_only_output_cache","Clear only output-cache"
"move_to_tab","Move to Tab"
"not_supported","Not supported"
"show_random_pictures_on_login_screen","Show random pictures on login screen"
"url_to_custom_image_on_login_screen","URL to custom image for the login screen"
"system_infos_and_tools","System Info & Tools"
"edit_link","Edit Link"
"view_suffix","View Suffix"
"sepia","Sepia"
"sharpen","Sharpen"
"gaussianBlur","Gaussian Blur"
"radius","Radius"
"sigma","Sigma"
"threshold","Threshold"
"trim","Trim"
"tolerance","Tolerance"
"grayscale","Grayscale"
"nothing_to_configure", "Nothing to configure"
"enter_the_name_of_the_new_thumbnail","Enter the name for the new thumbnail:"
"problem_creating_new_thumbnail","Cannot create thumbnail, please check the name! (allowed characters are a-z A-Z 0-9 _ -)"
"preview_url","Preview URL"
"opacity","Opacity"
"applymask","Apply Mask"
"addoverlay","Add Overlay"
"important_use_imagick_pecl_extensions_for_best_results_gd_is_just_a_fallback_with_less_quality","IMPORTANT: Use imagick PECL extension for best results, GDlib is just a fallback with limited functionality and less quality!"
"add_thumbnail","Add Thumbnail"
"transformations","Transformations"
"frame","Frame"
"setbackgroundcolor","Set Backgroundcolor"
"setbackgroundimage","Set Backgroundimage"
"roundcorners","Round Corners"
"resize","Resize"
"scalebyheight","Scale by Height"
"scalebywidth","Scale by Width"
"crop","Crop"
"rotate","Rotate"
"color","Color"
"positioning","Positioning"
"angle","Angle"
"label_width","Label Width"
"label_first_cell","Label First Cell"
"cleanup","Cleanup"
"this_element_cannot_be_edited","This element cannot be edited"
"cache_disable_cookies","Disable Cookies (comma separated)"
"click_here_to_proceed","Click here to proceed"
"path_to_lessc_optional","Path to lessc (optional)"
"details","Details"
"only_for_ip","Only for IP (optional)"
"extension_is_up_to_date","This extension is up-to-date."
"update_information","Update Information"
"files","Files"
"share_extension_upload_summary","The following files will be transferred to the extension hub at pimcore.org."
"number_of_files","Number of files"
"share_extension_description","You have to use regular expressions - One expression per line"
"next","Next"
"exclude_files","Exclude Files"
"collecting_download_information","Collecting Download Information"
"share","Share"
"push_update","Push Update"
"collecting_update_information","Collecting Update Information.<br />Please wait ..."
"extensions_upload_agree_text","If you share this extension this will not be automatically public to everyone. First you have the possibility to edit some details, permissions and dependencies for the plugin. After that it's on you if the extension goes public or not."
"extension_upload_proceed","I've read the above. Proceed with the upload now!"
"please_dont_forget_to_reload_pimcore_after_modifications","Please don't forget to reload pimcore, after your modifications"
"enable","Enable"
"disable","Disable"
"configure","Configure"
"download_extension","Download Extensions"
"manage_extensions","Manage Extensions"
"share_extension","Share Extensions"
"beginning_with_ending_with_optional_slash","Beginning with, ... and ending with an optional slash"
"beginning_with","Beginning with"
"matching_exact","Matching exactly"
"add_expert_mode","Add (Expert Mode)"
"add_beginner_mode","Add (Beginner)"
"cannot_save_object_please_try_to_edit_the_object_in_detail_view","<b>Cannot save object!</b><br />Please try to edit the object in the detail view."
"size","Size"
"select_a_file","Select a file"
"upload_compatibility_mode","Upload File (Compatibility Mode)"
"lowest","lowest"
"highest","highest"
"override_all","override all"
"the_system_is_in_maintenance_mode_please_wait","The system is in maintenance mode, please wait"
"activate","Activate"
"maintenance_mode","Maintenance Mode"
"translate_content_to","Translate content to"
"translate_api_key","Translate API Key"
"image_is_too_small","Image is too small, please choose a bigger one."
"new_version_available","New Version available"
"countrymultiselect","Countries (Multiselect)"
"languagemultiselect","Languages (Multiselect)"
"allow_capitals_for_documents","Allow capitals in URL"
"exif_data","EXIF Data"
"dimensions","Dimensions"
"image_details","Image Details"
"yes","Yes"
"no","No"
"allow_trailing_slash_for_documents","Allow trailing Slash in URL"
"none","None"
"name_is_not_allowed","Name is not allowed"
"system_properties","System Properties"
"localizedfields","Localized Fields"
"import_from_server","Import from Server"
"upload_files","Upload Files"
"upload_zip","Upload ZIP Archive"
"new_folder","New Folder"
"please_enter_the_name_of_the_new_folder","Please enter the name of the new folder"
"please_enter_the_name_of_the_new_file","Please enter the name of the new file"
"new_file","New File"
"document_root","Document Root"
"server_fileexplorer","Server File Explorer"
"proxy_host","Proxy Host"
"proxy_port","Proxy Port"
"proxy_user","Proxy User"
"proxy_pass","Proxy Pass"
"proxy_settings","Proxy Settings"
"select_connectivity_type","Select Connectivity Type"
"proxy","Proxy"
"direct_socket","Direct (Socket)"
"http_connectivity_direct_proxy","HTTP Connectivity (direct, proxy, ...)"
"parent_element","Parent Element"
"import_fieldcollection_definition","Import Field Collection Definition"
"batch_change_selected","Batch change selected"
"gridview","Grid View"
"modificationDate","Modification Date"
"creationDate","Creation Date"
"visibility_of_system_properties","Visibility of system properties"
"translate","translate"
"translations_admin_hint","HINT: Please Reload UI to apply translation changes!"
"download_as_zip","Download as ZIP"
"locked","Locked"
"element_cannot_be_move_because_it_is_locked","Element cannot be moved because it is locked."
"element_cannot_be_moved","The element cannot be moved here"
"lock","Lock"
"unlock","Unlock"
"lock_and_propagate_to_childs","Lock and propagate to children"
"unlock_and_propagate_to_children","Unlock and propagate to children"
"no_collections_allowed","No Collections allowed"
"allowed_types","Allowed Types"
"columnlength","Columnlength"
"this_is_a_newer_not_published_version","This is a newer not published version"
"direct_sql_query","Direct SQL query"
"filter_condition","Filter Condition"
"creationdate","Creation Date"
"modificationdate","Modification Date"
"all_types","All Types"
"audio","Audio"
"video","Video"
"archive","Archive"
"unknown","Unknown"
"class","Class"
"page","Page"
"snippet","Snippet"
"folder","Folder"
"your_selection","Your Selection"
"double_click_to_add_item_to_selection","Double-click an item on the left to add it to this selection."
"visible_in_searchresult","Visible in Search Result"
"visible_in_gridview","Visible in Grid View"
"fieldcollections","Field-Collections"
"fieldcollection_saved_successfully","Field-Collection was saved successfully"
"problem_creating_new_fieldcollection","There was an error while creating the field-collection"
"enter_the_name_of_the_new_fieldcollection","Enter the name of the new field-collection"
"add_fieldcollection","Add Field-Collection"
"field_collections","Field-Collections"
"block","Block"
"update_flash","Your Flash Plugin is outdated, please update!"
"tooltip","Tooltip"
"label","Label"
"objectsid","Objects (ID's)"
"decimalPrecision","Decimal-Precision"
"css_style","CSS Style"
"error_auth_failed","Login failed!<br />Please try again."
"error_user_inactive","This user has been set to inactive"
"error_session_expired","Session expired!<br />Please login again."
"settings_save_success","Settings saved successfully"
"variation_page","Variation Page"
"add_variation_page","Add Variation Page"
"navigation_summary","Navigation Summary"
"prev_pages","Previous Pages"
"next_pages","Next Pages"
"site","Site"
"descending","Descending"
"ascending","Ascending"
"sort","Sort"
"results","Results"
"dimension","Dimension"
"metric","Metric"
"segment","Segment"
"data_explorer","Data Explorer"
"navigation","Navigation"
"bounces","Bounces"
"entrances","Entrances"
"exits","Exits"
"uniquePageviews","Unique Pageviews"
"debug_mode_on","DEBUG MODE"
"restore","Restore"
"amount","Amount"
"flush_recyclebin","Flush Recycle Bin"
"recyclebin","Recycle Bin"
"deletedby","Deleted By"
"add_setting","Add Setting"
"website_settings","Website Settings"
"reverse","Reverse"
"geopolygon","Geographic Polygon"
"open_select_editor","Open Selection-Editor"
"geobounds","Geographic Bounds"
"ignore","ignore"
"sure_to_install_unstable_update","Are you sure that you want to install a potential not working version?"
"there_was_a_problem_creating_a_folder","There was an problem while creating a new folder"
"empty_page","Empty Page"
"empty_snippet","Empty Snippet"
"empty_email","Empty Email"
"email_log_property","Property Key"
"email_log_data","Data"
"email_log_resend","Send email"
"email_log_resend_window_title","Resend email"
"email_log_resend_window_msg","Please confirm that you want to send the email again to all recipients."
"select_site","Select a site"
"main_site","Main Site"
"filename","Filename"
"data_mapping","Data Mapping"
"unsupported_filetype","Unsupported Filetype"
"class_saved_successfully","Class saved successfully"
"class_save_error","Class cannot be saved"
"show_root_node","Show root-node"
"root_folder","Root-Folder"
"email_log_resend_window_success_message","The email has been sent successfully to all recipients."
"email_log_resend_window_error_message","An error occurred. The email has not been resent."
"condition","Condition"
"custom_views","Custom Views"
"error_jobs","The following jobs failed"
"batch_change","Batch Assignment"
"batch_edit_field","Batch edit field"
"published","Published"
"all","all"
"items_per_page","Items per page"
"analytics_accountid","Account-ID (eg. 1234567)"
"reload_pimcore_changes","You have to reload Pimcore for the changes to take effect, would you like to do this now?"
"info","Info"
"ab_test_was_created_successfully","Your A/B was created successfully"
"ab_test_error","There was an error while creating your A/B test."
"add_your_test_pages","Now add your pages to this experiment"
"create_ab_description","Here you can create new A/B tests with Google Analytics and Google Websiteoptimizer"
"experiment_name","Name of the Experiment"
"conversion_page","Conversion (Goal)-Page"
"test_page","Test-Page"
"URL","URL"
"select_version","Select a Version"
"or","or"
"link_settings","Link Settings"
"error_pasting_object","Error while pasting object"
"paste_contents","Paste only contents here"
"paste_as_child","Paste as child"
"paste_recursive_as_childs","Paste as child (recursive)"
"view_original","View Original"
"feed","Feed"
"no_items_found","No items found"
"no_objects_found","No objects found"
"no_assets_found","No assets found"
"no_documents_found","No documents found"
"public_url","Public URL"
"create_ab_test","Create A/B Test"
"google_websiteoptimizer","Google Website Optimizer"
"pageviews","Pageviews"
"unique_pageviews","Unique Pageviews"
"visits","Visits"
"pagespervisit","Pages / Visit"
"average_timeonsite","Av. Time on Site"
"bouncerate","Bounce Rate"
"link_sources","Link Sources"
"google_crawling_issues","Google Crawler Issues (Click on row to view details)"
"detail","Detail"
"crawling_issues","Crawling Issues"
"internal_keywords","Internal Keywords"
"external_keywords","External Keywords"
"google_webmastertools","Google Webmastertools"
"verification_filename_text","Verification Filename<br /><small>required for verification</small>"
"analytics_notice","Please read the documentation about the Google Analytics integration first, for the advanced mode you have to modify the Google Analytics settings."
"outputcache_lifetime_description","Optional output-cache lifetime (in seconds) after the cache expires, if not defined the cache will be cleaned on every action inside the CMS, otherwise not (for high traffic sites)"
"exclude_patterns_description","Regular Expressions like /^\/dir\/toexplude/"
"analytics_trackid_code","Track-ID (eg. UA-XXXXX-X)<br /><small>required for code integration</small>"
"analytics_settings_profile_description","Before you can select a profile you have to define your Google Analytics credentials for the account in the system settings (Google-Credentials) or in the fields below."
"report_settings","Report Settings"
"overview","Overview"
"visitor_overview","Visitor Overview"
"other","Other"
"google_analytics","Google Analytics"
"select_a_report","Select a Report"
"reports_and_marketing","Marketing & Reports"
"multiselect","Multiselection",
"handler","Handler"
"invisible","Invisible"
"only_configured_languages","Show only in system settings configured languages"
"forms","Forms"
"add_form_component","Add Form Component"
"save_only_scheduled_tasks","Save only scheduled tasks"
"minify_javascript_algorithm","Javascript minification algorithm"
"modified_assets","Modified Assets"
"modification_statistic","Changes in the last 31 days"
"minify_javascript","Minify Javascript"
"minify_css","Minify CSS"
"content","Content"
"add_portlet","Add Portlet"
"system_statistics","System Statistics"
"modified_documents","Modified Documents"
"modified_objects","Modified Objects"
"welcome","Welcome"
"save_and_publish","Save & Publish"
"delete","Delete"
"save","Save"
"your_asset_has_been_saved_successfully","Your asset has been saved successfully!"
"add_assets","Add asset(s)"
"preview","Preview"
"edit_image","Edit Image"
"simple","Simple"
"advanced","Advanced"
"basic","Basic"
"permissions","Permissions"
"assets_permissions","Assets Permissions"
"documents_permissions","Documents Permissions"
"objects_permissions","Objects Permissions"
"username","Username"
"list","List"
"view","View"
"publish","Publish"
"rename","Rename"
"create_childs","Create Children"
"settings","Settings"
"properties","Properties"
"versions","Versions"
"add","Add"
"date","Date"
"user","User"
"note","Note"
"available_versions","Available Versions"
"controller_and_view_settings","Controller and View Settings"
"email_from","From"
"email_subject","Subject"
"email_to","To"
"email_cc","CC"
"email_bcc","BCC"
"email_receive_empty_text","Recipients"
"email_settings","Email Settings"
"email_settings_receiver_description","Multiple recipients can be specified by separating the email addresses with a semicolon. <br/>Example: receiver@pimcore.org; receiver2@pimcore.org"
"email_logs","Sent Emails"
"email_log_from","From"
"email_log_to","To"
"email_log_cc","Cc"
"email_log_bcc","Bcc"
"email_log_sent_Date","Date sent"
"email_log_subject","Subject"
"email_log_show_html_email","Show HTML email"
"email_log_show_text_email","Show Text email"
"email_log_iframe_title_html","HTML version of the email"
"email_log_iframe_title_text","Text version of the email"
"email_log_show_text_params","Show dynamic params"
"email_log_iframe_title_params","Dynamic params"
"email_log_html","HTML"
"email_log_text","Text"
"email_log_params","Dynamic params"
"predefined_document_type","Predefined Document Type"
"controller","Controller"
"module","Module"
"action","Action"
"actions","Actions"
"template","Template"
"path_and_key_settings","Path and Key Settings"
"path","Path"
"key","Key"
"id","ID"
"name_and_meta_data","Name & Metadata"
"name","Name"
"title","Title"
"description","Description"
"keywords","Keywords"
"your_document_has_been_saved","Your document has been saved successfully!"
"unpublish","Unpublish"
"internal_link","Internal Link"
"link_properties","Link Settings"
"target","Target"
"type","Type"
"external_link","External Link"
"add_folder","Add Folder"
"edit_filename","Edit Filename"
"please_enter_the_name_of_the_folder","Please enter the name of the folder"
"upload_your_files_press_shift_to_select_multiple_files","Upload your files, press ""Shift"" to select multiple files"
"please_enter_the_new_name","Please enter the new name:"
"the_filename_is_already_in_use","The filename is already in use in this level, please choose a different one."
"add_page","Add Page"
"add_snippet","Add Snippet"
"add_email","Add Email"
"add_link","Add Link"
"copy","Copy"
"paste","Paste"
"edit_key","Edit Key"
"use_this_as_document_root_for_new_site","Use this as Document-Root for a new site"
"please_enter_the_domains_for_the_new_site","Please enter the domain(s) [comma separated] for the new site"
"edit_site","Edit Site"
"please_enter_the_domains_for_the_site","Please enter the domain(s) [comma separated] for the site"
"please_enter_the_new_key","Please enter the new key:"
"the_key_is_already_in_use_in_this_level_please_choose_an_other_key","The key is already in use in this level, please choose a different key."
"close_all_tabs","Close all tabs"
"search","Search"
"import","Import"
"export","Export"
"clear_cache","Clear Cache"
"extensions","Extensions"
"backup","Backup"
"glossary","Glossary"
"document_types","Document Types"
"predefined_properties","Predefined Properties"
"users","Users"
"profile","User profile"
"you_are_not_allowed_to_manage_admin_users","You are not allowed to manage admin users"
"my_profile","My Profile"
"system","System"
"update","Update"
"documentation","Documentation"
"report_bugs","Report Bugs"
"about","About"
"file","File"
"extras","Extras"
"help","Help"
"configuration","Configuration"
"content_type","Content-Type"
"value","Value"
"new_property","New Property"
"add_a_predefined_property_set","Add a predefined Property Set"
"select_a_property","Select a Property"
"add_a_custom_property","Add a custom Property"
"all_users","All Users"
"general","General"
"admin","Admin"
"password","Password"
"language","Language"
"please_enter_the_name","Please enter the name:"
"new_document_type","New Document Type"
"system_settings","System Settings"
"timezone","Timezone"
"mysql_database","MySQL Database"
"host","Host"
"database_name","Database Name"
"database_port","Database Port"
"chmod_folder","CHMOD Folder"
"chmod_files","CHMOD Files"
"hostname_for_webdav","Hostname for WebDAV"
"api_key","API Key"
"secret","Secret"
"client_id","Client ID"
"image_thumbnails","Image Thumbnails"
"thumbnails","Thumbnails"
"quality","Quality"
"interlace","Interlace"
"aspect_ratio","Aspect Ratio"
"format","Format"
"trees","Trees"
"documents","Documents"
"assets","Assets"
"upload","Upload"
"width","Width"
"height","Height"
"empty","Empty"
"workflow","Workflow"
"modify","Modify "
"create","Create "
"edit","Edit"
"logout","Logout"
"cache","Cache"
"temporary_files","Temporary files"
"clear_temporary_files","Clear temporary files"
"store_version_history_in_days","Store version history for x Days"
"store_version_history_in_steps","Store version history for x Steps"
"refresh","Refresh"
"classes","Classes"
"static_routes","Static Routes"
"add_class","Add Class"
"enter_the_name_of_the_new_class","Please specify the name of the new class"
"layout","Layout"
"add_layout_component","Add Layout Component"
"add_data_component","Add Data Component"
"accordion","Accordion"
"fieldset","Fieldset"
"panel","Panel"
"tabpanel","Tabpanel"
"pattern","Pattern"
"variables","Variables"
"defaults","Defaults"
"input","Input"
"checkbox","Checkbox"
"textarea","Textarea"
"wysiwyg","WYSIWYG"
"numeric","Number"
"href","Href"
"image","Image"
"select","Select"
"objects","Objects"
"structured","Structured"
"geo","Geographic"
"base","Base"
"default_controller","Default controller"
"default_action","Default action"
"error_pages","Error Pages"
"no_preview_available","Sorry, no preview available"
"add_object","Add object"
"basic_configuration","Basic configuration"
"allow_inherit","Allow inheritance"
"parent_class","Parent class"
"use_traits", "Use (traits)"
"general_settings","General Settings"
"layout_settings","Layout Settings (Pimcore Admin)"
"region","Region"
"border","Border"
"collapsible","Collapsible"
"display_layout_to_users","Show layout only to these users"
"allowed_classes","Allowed classes"
"display_name","Display name"
"not_editable","Not editable"
"floating","Element floating"
"index","Indexed"
"mandatoryfield","Mandatory field"
"use_as_site","Use as site"
"edit_domains","Edit Domains"
"remove_site","Remove Site"
"text","Text"
"document","Document  "
"asset","Asset"
"bool","Bool"
"object","Object"
"remove","Remove "
"your_object_has_been_saved","Your object has been saved"
"hidden_dependencies","There are additional dependencies your user does not have the permissions to see."
"loading","Loading"
"open","Open"
"pimcore_setup","Installer"
"pimcore_setup_not_allowed","pimcore seems to be installed already. Re-installing is not possible."
"pimcore_setup_not_ready","Errors occurred. Pimcore is not ready for setup"
"db_settings_found","INFO: Database settings found."
"db_already_setup","INFO: Could connect to DB."
"could_not_create_tables","ERROR: Import of DB dump failed."
"could_not_create_dir_for_log","ERROR! Could not create directory for log file"
"could_not_write_log","ERROR! log file not writeable. Please adjust permissions."
"system_xml_not_writeable","ERROR! System.xml is not writeable."
"system_xml_dir_not_writeable","ERROR! The directory website/var/config is not writeable."
"system_xml_exists","Warning! The file website/var/config/system.xml already exists and will be overwritten by the installer."
"could_not_verify_db_encoding","ERROR! DB character set could not be determined."
"wrong_db_encoding","ERROR! DB character set is not set to utf8."
"no_db_connection","ERROR! DB connection could not be established."
"db_adapter_unknown","ERROR! DB-adapter is unknown."
"could_not_create_admin_user","ERROR! Admin user could not be created."
"add_user","Add User"
"could_not_write_system_xml","ERROR! system.xml could not be created."
"pimcore_setup_completed","pimcore Setup completed successfully!"
"submit","Submit"
"steps_description","If you want to use steps for versioning instead of days, please leave days empty."
"days","Days"
"steps","Steps"
"adapter","Database adapter"
"dbname","Database Name"
"database","Database"
"version_days","Days for versioning"
"version_steps","Steps for versioning"
"problem_creating_new_class","There was an error, please be sure that the name of the class is at least 3 characters."
"seemode","Seemode"
"edit_current_page","Edit this page"
"close","Close"
"name_already_in_use","Name is already in use"
"name_and_key_must_be_defined","Name and Type must be defined"
"mandatory_field_empty","Please fill all mandatory fields"
"plugins","Plugins"
"plugin_info","Plugin Info"
"available_plugins","Available Plugins"
"settings_plugins","Options"
"plugin_classname","Plugin class name"
"plugin_includepaths","Plugin include paths"
"plugin_namespaces","plugin namespaces"
"plugin_jspaths","plugin JavaScript files"
"plugin_csspaths","plugin CSS files"
"install","Install"
"uninstall","Uninstall"
"plugin_uninstall_warning","Do you really want to uninstall this plugin? WARNING! All data of this plugin is going to be deleted!"
"some_fields_cannot_be_saved","Some fields cannot be saved."
"icon_path","Path to icon"
"reload","Reload"
"plugin_needs_reload","This plugin requires a reload of the user interface in order to be fully functional. Do you want to reload now?"
"plugin_installing_please_wait", "Plugin is being installed, please wait ... "
"schedule","Schedule"
"time","Time"
"version", "Version"
"active", "Active"
"success","Success"
"successful_saved_document","Your document has been saved"
"error_moving_document","Your document could not be moved."
"translations","Website Translations"
"translations_admin","Admin Translations"
"debug_description","With debug-mode on errors and warnings are displayed directly in the browser, otherwise they are deactivated and the error-controller is active (Error Page). Multiple IP addresses can be specified by separating them with a comma."
"icon","Icon"
"add_document","Add document"
"please_enter_the_name_of_the_new_document","Please enter the name of the new document"
"successful_saved_asset","Successfully saved asset"
"error_saving_asset","Asset couldn't be saved"
"error_saving_document","Document couldn't be saved"
"error_saving_object","Object couldn't be saved"
"please_enter_the_name_of_the_new_object","Please enter the name of the new Object"
"slider","Slider"
"name_not_valid","Name is not valid"
"filename_not_valid","Name is not valid"
"firstname","Firstname"
"lastname","Lastname"
"email","Email"
"cant_move_node_to_target","Moving node not possible"
"error_moving_object","Object could not be moved"
"error_pasting_document", "The document could not be pasted to this location."
"error_creating_object", "Could not create object."
"error_creating_document", "Could not create document"
"domain","Domain (eg. example.org)"
"translations_are_not_configured","Translation are not configured"
"read_more_here","Read more about here"
"admin_theme","Admin-Theme"
"publish_version","Publish version"
"no_version","no version available"
"save_only_new_version","Only save new version"
"there_is_a_newer_not_published_version","There is a newer not published version"
"datetime","Date & Time"
"google_credentials_and_api_keys","Google Credentials & API Keys"
"default_value","Default value"
"button","Button"
"priority","Priority"
"from","From"
"to","To"
"start","Start"
"end","End"
"location","Location"
"every","Every"
"su","Su"
"mo","Mo"
"tu","Tu"
"we","We"
"th","Th"
"fr","Fr"
"sa","Sa"
"categories","Categories"
"multihref","Multi-Href"
"session_error_text","It seems there is a problem with your session. We recommend to reload this page in order to be save, but you can try to save your changes first."
"session_error","Session Error"
"update_successful","Update successful!"
"select_plugin_update","Select plugin update"
"select_update","Select update"
"stable_updates","Available stable updates"
"non_stable_updates","Available non-stable updates"
"looking_for_updates","Pimcore is looking for newer versions<br />Depending on your build this can take a while."
"please_wait","Please wait ..."
"latest_version_already_installed","You have installed the latest version."
"latest_pimcore_version_already_installed","You have installed the latest version of pimcore."
"plugin_update_error","There was an error, please check permissions, or try later.<br /><br />"
"update_error","There was an error.<br /><br />"
"downloading_packages","Downloading packages ..."
"start_update","Start Update"
"update_in_progress","Update in progress ..."
"plugindownload","Download Plugins"
"download_plugins","Download Plugins"
"download","Download"
"revision","Build"
"plugin_downloaded","Plugin Downloaded"
"plugin_downloaded_info","Plugin has been added. Please see tab available plugins to install the plugin."
"plugin_download_failed","Download failed"
"plugin_download_failed_info","Plugin download failed. Please check permissions!"
"plugin_repositories","Plugin Servers (comma separated)"
"inheritable","Inheritable"
"table","Table"
"rows","Rows"
"cols","Columns"
"data","Data"
"redirects","Redirects"
"source","Source"
"language_admin","Default-Language in Admin-Interface"
"valid_languages_frontend","Valid languages for content (eg.: de,en)"
"link","Link"
"abbr","Abbr."
"acronym","Acronym"
"downloading_plugin","Downloading Plugin ... "
"cache_enabled","Enable"
"exclude_patterns","Exclude Patterns"
"stop","Stop"
"outputfilters","Outputfilters"
"image_datauri_filter","Image DataURI"
"dependencies","Dependencies"
"requires","Requires"
"required_by","Required By"
"search_edit","Search, Edit and Export"
"subtype","Subtype"
"minify_html","Minify HTML"
"initializing","Initializing ..."
"backup_error","There was an error while backing up"
"plugin_dir_error","The plugin directory does not exist or is not writable."
"user_save_success","User profile data saved successfully."
"user_save_error","User profile data could not be saved."
"system_settings_save_success","System settings saved successfully."
"system_settings_save_error","System settings could not be saved."
"maintenance_not_active","It seems that the maintenance isn't set up properly"
"mail_settings_incomplete","It seems that the mail settings are incomplete"
"cover","Cover"
"contain","Contain"
"please_select_a_type","Please select a type"
"min_value","min. Value"
"max_value","max. Value"
"increment","Increment Step"
"vertical","Vertical"
"filter","Filter"
"add_filter","Add filter"
"field","Field"
"operator","Operator"
"apply","Apply"
"clear_filter","Clear filter"
"output_cache","Output-Cache"
"lifetime","Lifetime"
"country","Country"
"show","Show"
"public","Public"
"maximum_2_versions","You can compare max. 2 versions"
"error","Error"
"element_is_locked","The desired element is currently opened by another person:"
"element_lock_message","The desired element is currently opened by another person:"
"element_lock_question","Would you like to open it anyway?"
"since","Since"
"longitude","Longitude"
"latitude","Latitude"
"zoom_level","Zoom level"
"map_type","Map type"
"roadmap","Roadmap"
"satellite","Satellite"
"hybrid","Hybrid"
"geopoint","Geographic Point"
"google_api_key_simple","Google API Key (Simple API Access for Maps, CSE, ...)"
"google_api_key_service","Google API Credentials (Service Account Client ID for Analytics, ...)"
"cancel","Cancel"
"current_address","Current Address"
"open_search_editor","Open Search Editor"
"parameters","Parameters"
"anchor","Anchor"
"accesskey","Accesskey"
"relation","Relation"
"tabindex","Tab-Index"
"not_set","not set"
"document_restrictions","Document Restrictions"
"asset_restrictions","Asset Restrictions"
"object_restrictions","Object Restrictions"
"allow_documents","allow Documents"
"allow_assets","allow Assets"
"allow_objects","allow Objects"
"allowed_types_hint","(empty = allow all)"
"allowed_document_types","Allowed Document Types"
"allowed_asset_types","Allowed Asset Types"
"export_csv","CSV Export"
"import_csv","CSV Import"
"show_welcome_screen","Show welcome screen on startup"
"edit_user_permissions","Edit user permissions"
"plugin_misconfiguration","Cannot open plugins. Please check permissions on plugin folder and plugin server in system settings"
"plugin_repositories_description","Specify one or more plugin servers to which pimcore connects to download and update plugins"
"website","Website"
"plugin_build","plugin build"
"permission_overwrite_children","Save & Force on children"
"permission_reset","Reset"
"superselectbox_empty_text","Please enter your desired value and hit return key"
"valid_languages_frontend_empty_text","Please choose the valid system languages"
"language_download","Download System Languages"
"language_downloaded","Language File Downloaded"
"language_downloaded_info","The language file has been installed successfully. You need to reload pimcore before the language becomes available. Do you want to reload pimcore now? "
"language_download_failed","Download System Language Failed"
"language_download_failed_info","The language file could not be downloaded."
"language_translation_percentage","translated"
"downloading_language","Downloading language file ..."
"user_creation_error","Could not create user"
"duplicate_username","user and user group names must be unique!"
"importFileHasHeadRow","first row = headline"
"log_messages_user_mail_description","Email recipient of messages for activated log levels. This must be an admin user with a email address. Please make sure that the email settings are provided correctly if you want to use email logging."
"log_messages_user_mail_recipient","Log messages email recipient"
"loglevels", "Log Levels"
"loglevels_description","The levels checked will be logged to website/var/log/debug.log. The most critical errors are always logged, they should not be deactivated."
"email_settings","Email Settings"
"email_senderemail","Sender Email"
"email_sendername","Sender Name"
"email_returnemail","Return Email"
"email_returnname","Return Name"
"email_method","Email Method"
"email_smtp_host","SMTP Host"
"email_smtp_port","SMTP Port"
"email_smtp_name","SMTP Name"
"email_smtp_auth_method","SMTP Authentication Method"
"no_authentication","No Authentication"
"email_smtp_auth_username","SMTP Username"
"email_smtp_auth_password","SMTP Password"
"email_smtp_ssl","SMTP Transport Security"
"email_debug_addresses","Debug Email Addresses"
"email_debug_addresses_empty_text","Enter a list of email addresses that are allowed to receive debug emails."
"email_debug_domains","Debug email domains"
"email_debug_domains_empty_text","Enter a list of domains (e.g. pimcore.org) that are allowed to receive debug emails. All email addresses form this domains are allowed to receive debug emails."
"no_ssl","-"
"user_settings","User Settings"
"error_deleting_object","Could not delete object"
"user_object_dependencies","User - Object Dependencies"
"user_object_dependencies_description","This user is referenced in the following objects:"
"overwrite_object_with_same_key","Overwrite"
"overwrite_object_with_same_key_description","When overwrite is checked, instead of creating a new object for each import row, objects with the same key are replaced. Existing objects in your import folder with keys not contained in the import file will remain untouched. Please be aware that all objects which have a matching key in the import file will be replaced in the target folder. This is also true for objects based on a different class or even object folders! Object fields which are set to ignore in the field mapping keep their old value."
"object_import_filename_description","select the field which is used to generate the object key"
"save_pubish_close","Save,publish and close"
"save_close","Save and close"
"webservice","Web Service API (Beta Feature)"
"webservice_enabled","Web Service API enabled"
"webservice_description","Enabling the web service allows all admin users to access the pimcore REST API. Please check the pimcore wiki to find out how the token needs to be generated."
"user_admin_description","Admin users do not only automatically gain all permissions listed below, they are also allowed to perform all actions on documents, assets and objects without any restrictions."
"user_apikey_change_warning","Please be aware that changing the password also changes the web service API key."
"user_apikey_description","API key required for web service access by this user"
"apikey","API Key"
"successful_publish_document","Your document has been published"
"successful_unpublish_document","Your document has been unpublished"
"error_publish_document","Your document could not be published"
"error_unpublish_document","Your document could not be unpublished"
"successful_publish_object",Your object has been published"
"successful_unpublish_object","Your object has been unpublished"
"error_publish_object","Your object could not be published"
"error_unpublish_object","Your object could not be unpublished"
"error_general","Server threw exception - could not perform action. Please reload the admin interface and try again."
"missing_permission","Missing permission for this action"
"lazy_loading","lazy loading"
"lazy_loading_description","Lazy loading means that related objects are not loaded initially when the object is instantiated. When accessing the object programmatically, relations are only loaded when the according get method is called."
"lazy_loading_activated","(lazy loading activated)"
"non_owner_description","Non owner objects represent relations to an other object just in the same way as objects do. The difference is, that a non-owner object field is not the owner of the relation data, it is merely a view on data stored in other objects. Please choose the owner and field name where the data is originally stored."
"owner_class","Owner class"
"owner_field","Owner field"
"nonownerobject_warning","The current object is not the owner of these relations, making changes here might make saving the object slow"
"element_implicit_edit_question","Would you still like to implicitly  modify it with this action?"
"element_is_open","Referenced element is already open"
"element_open_message","The desired element is already open for editing."
"nonownerobjects","Objects (Non Owner)"
"nonownerobjects_self_selection","In non owner objects a  relation to myself is not possible, please use original field instead of non owner field."
"warning","Warning"
"csv_object_export_warning","Please note that the CSV export does not support all data types. Consequently, re-importing an export CSV to pimcore might lead to data loss. Press OK to continue with export."
"Initializing","Initializing"
"import_archive","Archive Import"
"export_archive","Export (Archive)"
"element_export_skip_root","Export only child elements"
"element_export_recursive","Include child elements"
"element_export_include_relations","Include referenced elements"
"exporting_elements","Exporting Elements ..."
"export_items_finished","Items finished"
"element_import_settings","Import Settings"
"element_import_overwrite","Overwrite element if path exists"
"importing_elements", "Importing Elements ... "
"element_import","Element Import"
"element_import_finished","Import Finished"
"element_import_finished_hint","All elements have been imported successfully. If related elements were included, pimcore tried to restore them to their original path. If that path does not exist, pimcore restored them to the root folder"
"error_renaming_object","There was an error while renaming the object."
"element_import_import","import elements - rename in case of duplicate paths"
"navigation_settings","Navigation Settings"
"navigation_enhanced","Enhanced Navigation Settings"
"navigation_target","Target"
"navigation_basic","Basic Navigation Settings"
"further_navigation_settings","More Navigation Settings"
"navigation_exclude","Exclude from Navigation"
"allow_variants","Allow variants"
"show_variants","Show variants in tree"
"variants","Variants"
"variant","Variant"
"add_variant","Add variant"
"please_enter_the_name_of_the_new_variant","Please enter the name of the new variant"
"remove_variant","Remove variant"
"remove_variant_text","Do you really want to remove this variant"
"error_creating_variant","Error creating variant"
"prevented creating object because object with same path+key already exists","Creating was not possible because variant or object with same path+key already exists"
"allowed_class_field","Allowed class/field"
"delete_message_dependencies","There are dependencies, delete anyway?"
"delete_message","Do you really want to delete this element?"
"delete_message_batch","Do you really want to delete these elements?"
"objectbricks","Objectbricks"
"add_objectbrick","Add Objectbrick"
"delete_objectbrick","Delete Objectbrick"
"delete_objectbrick_text","Do you really want to delete the selected objectbrick?"
"class_definitions","Class definitions"
"enter_the_name_of_the_new_objectbrick","Enter the name of the new Objectbrick"
"no_further_objectbricks_allowed","No further objectbricks allowed"
"problem_creating_new_objectbrick","Problem with creating a new Objectbrick"
"structuredTable","Structured Table"
"position","Position"
"structuredtable_type_number","Number"
"structuredtable_type_text","Text"
"structuredtable_type_bool","Checkbox"
"structuredtable_invalid_key","Invalid Key"
"data_width","Data Columns Width"
"grid_current_language","Current Language"
"grid_column_config","Column configuration"
"selected_grid_columns","Selected grid columns"
"object_columns","Object columns"
"system_columns","System columns"
"columns","columns"
"children_grid","Children Grid"
"only_children","just direct child objects"
"hotspotimage_add_selector","Add Hotspot"
"hotspotimage_enter_name_of_new_hotspot","Enter name of new Hotspot"
"hotspotimage","Image with Hotspots"
"hotspotimage_no_image","Please define an image first"
"objectsMetadata_allowed_class","Allowed Class"
"objectsMetadata_visible_fields","Visible Fields"
"objectsMetadata_type_number","Number"
"objectsMetadata_type_text", "Text"
"objectsMetadata_type_bool", "Bool"
"objectsMetadata_type_select", "Select"
"objectsMetadata","Objects with Metadata"
"objectbrick_saved_successfully", "Object brick saved successfully"
"cut", "Cut"
"paste_cut_element", "Paste cut element"
"file_explorer_saved_file_success","Saved successfully"
"file_explorer_saved_file_error","Cannot save file"
"reserved_field_names_error","Please do not use the following reserved field names: "
"use_current_date","Use current date"
"default_value_warning","Default values are not stored in the database table definition, nor are they set in empty Object instances. They are only available in the pimcore GUI"
"gui_default_value","Unstored default value"
"memorize_tabs","Memorize open tabs"
"change_type","Change type"
"keyvalue_menu_config","KeyValue Config"
"keyValue_datatype","Key/Value"
"keyValue_groups","Groups"
"keyValue_properties","Key Definition"
"keyValue_add_group","Add Group"
"keyvalue_mbx_entergroup_title","New Group"
"keyvalue_mbx_entergroup_prompt","Enter name"
"keyvalue_mbx_enterkey_title","New Key"
"keyvalue_mbx_enterkey_prompt","Enter name"
"keyvalue_error_addgroup_title","Error"
"keyvalue_error_addgroup_msg","Error adding group"
"keyvalue_error_addkey_title","Error"
"keyvalue_error_addkey_msg","Error adding Key"
"keyvalue_configuration","Configuration"
"keyvalue_invalidname","Invalid name"
"keyvalue_save_success","Your config has been saved"
"keyvalue_save_error","Your config could not be saved"
"keyvalue_no_keys","No keys found"
"keyvalue_no_groups","No groups found"
"keyvalue_detailed_configuration","Detailed Configuration"
"keyvalue_unit","Unit"
"keyvalue_find_group","Find Group"
"keyvalue_select_group","Select Group"
"keyvalue_define_select_values","Define possible values"
"keyvalue_define_select_values_error","Only available for type 'select' and 'translated'"
"keyvalue_dialog_keygroup_search","Key/Group Search"
"keyvalue_tag_title","Key/Value"
"keyvalue_tag_col_keyName","Key"
"keyvalue_tag_col_keyDesc","Description"
"keyvalue_tag_col_group","Group"
"keyvalue_tag_col_groupDesc","Group Description"
"keyvalue_tag_col_value","Value (click to edit...)"
"keyvalue_tag_col_unit","Unit"
"keyvalue_tag_col_metadata","Metadata"
"keyvalue_col_groupdescription","Group"
"keyvalue_col_groupid","GID"
"keyvalue_col_translator","Translator"
"keyvalue_col_metadata","Metadata"
"keyvalue_key_unique","<b>Key must be unique</b>"
"keyvalue_keyvalue_empty","Key&Value must not be empty"
"keyvalue_data_keywidth","Key column width"
"keyvalue_data_groupwidth","Group column width"
"keyvalue_data_groupdescwidth","Group Desc column width"
"keyvalue_data_valuewidth","Value column width"
"keyvalue_data_descwidth","Description column width"
"keyvalue_data_maxheight","Max Height"
"keyValue","Key/Value"
"keyValue_group","Group"
"keyvalue_translators","Translators"
"keyvalue_select_translator","Select Translator"
"keyvalue_data_multivalent","Multivalent"
"keyvalue_data_locked_title","Locked"
"keyvalue_data_locked_msg","This is a multivalent property which cannot be edited in the grid view. Use the object editor instead"
"keyvalue_data_metavisible","Metadata visible"
"keyvalue_data_metawidth","Metadata column width"
"instance_identifier","Instance identifier"
"instance_identifier_info","The instance identifier has to be unique throughout multiple Pimcore instances. UUID generation will be automatically enabled if a Instance identifier is provided (do not change the instance identifier afterwards - this will cause invalid UUIDs)"
"show_metainfo","Info"
"element_metainfo","Meta Information"
"delete_confirm","delete"
"note_details","Note Details"
"element_history","Recently Opened Elements"
"dashboards","Dashboards"
"add_dashboard","Add Dashboard"
"create_new_dashboard","Create Dashboard"
"dashboard_already_exists", "Dashboard with same name already exists!"
"please_enter_the_name_of_the_new_dashboard","Please enter the name of the new Dashboard"
"delete_dashboard","Delete Dashboard"
"really_delete_dashboard","Really delete current dashboard?"
"portlet_customreport", "Custom Report"
"portlet_customreport_settings", "Settings Custom Report"
"restrict_selection_to","Restrict Selection To"
"clear_marker_or_hotspots","Clear Marker, Hotspot and Cropping Data"
"hotspots_cleared","Hotspots, Markers and Cropping Data cleared"
"localized_view_tooltip","Localized View Settings"
"localized_edit_tooltip","Localized Edit Settings"
"localized_view","L-View"
"localized_edit","L-Edit"
"maximum_tabs","Maximum number of tabs"
"deeplink","Deeplink"
"click_to_open","(click to open)"
"delete_selected","Delete selected"
"open_selected","Open selected"
"algorithm","Algorithm"
"salt","Salt"
"saltlocation","Salt location"
"add_metadata","Add Metadata"
"pimcore_icon_edit_pdf_text","Edit text version"
"pimcore_lable_text","Text"
"chapter","Chapter"
"search_and_move","Search & Move"
"custom_layout","Custom Layout"
"layout","Layout"
"custom_layout_definition","Custom Layout Definition"
"configure_custom_layouts","Configure Custom Layouts"
"add_layout","Add Layout"
"delete_layout","Delete Layout"
"enter_the_name_of_the_new_layout","Enter the name of the new layout"
"layout_save_error","Layout could not be saved"
"layout_saved_successfully","Layout saved successfully"
"special_settings","Special Settings"
"special_settings_tooltip","Special Settings"
"custom_layouts","Custom Layouts"
"localized_fields","Localized Fields"
"custom_layout_save_error","Layout could not not be saved"
"searching","Searching..."
"custom_layout_changed","Layout was changed in the meantime. Please reload the layout and try again"
"clone_user","Clone User"
"clone_role","Clone Role"
"add_selected","Add selected items"
"predefined_asset_metadata","Predefined Asset Metadata"
"new_definition","New Definition"
"target_subtype","Target Type",
"add_predefined_metadata_definitions","Add predefined definitions"
"rule_violation","Rule Violation"
"mandatory","Mandatory"
"emails","Emails"
"disallow_addremove","Disallow Add/Remove"
"disallow_reorder","Dissallow Reordering"
"reload_definition","Reload Definition"
"bulk_export","Bulk Export"
"bulk_import","Bulk Import"
"saving","Saving"
"definition","Definition"
"fieldcollection","Field Collection"
"objectbrick","Object Brick"
"select_all","Select All"
"deselect_all","Deselect All"
"definition_save_error","Could not save definition"
"definitions_saved","Definitions saved"
"warning_bulk_import","The Bulk Import will overwrite your class/fieldcollection/objectbrick definitions without warning! Do you want to continue?"
"customlayout","Custom Layout"
"scheduled","Scheduled"
"sent_emails","View Sent Emails"
"predefined_metadata_definitions","Predefined Metadata Definitions"
"naming_requirements_3chars","Name must be alphanumeric and at least 3 characters long"
"item_saved_successfully","Item saved successfully"
"default_layout","Use as default layout"
"there_are_more_columns","There are more columns than currently displayed"
"hide_edit_image_tab","Hide Edit Image Tab"
"merge_csv","Import &amp; Merge CSV"
"translation_merger_website","Merge Website Translations"
"translation_merger_admin","Merge Admin Translation"
"translation_merger_current","Current Text"
"translation_merger_csv","Text from CSV"
"nothing_to_merge","There is nothing to merge"
"are_you_sure_recursive","There child nodes which will be deleted as well! Are you sure?"
"csv_seperated_options","CSV seperated options"
"csv_seperated_options_info","The list of available options can be specified as comma-seperated list, as single-column values or  mixed. For the single-column way, the key will also be used as the value."
"first_page","First Page"
"previous_page","Previous Page"
"next_page","Next Page",
"last_page","Last Page"
"no_data_to_display","No data to display"
"extjs_version","Ext JS Version <span style='color:red'>(experimental)</span>"
"extjs_34","Ext JS 3.4 (default)"
"extjs_5","Ext JS 5 (experimental)"